[
  {
    "id": "sharon",
    "name": "שרון",
    "center": {
      "lat": 32.159,
      "lng": 34.893
    },
    "zoom": 10,
    "branches": [
      {
        "title": "סניף קרני שומרון",
        "address": "רחבעם זאבי 1, קניון קרני שומרון",
        "hours": [
          "א׳–ה׳ 09:00–19:30",
          "ו׳ 09:00–14:00"
        ]
      },
      {
        "title": "סניף ראש העין",
        "address": "שרבי 12 ראש העין",
        "hours": [
          "א׳–ה׳ 09:00–21:00",
          "ו׳–ערבי חג 08:00–14:00"
        ]
      }
    ]
  },
  {
    "id": "north",
    "name": "צפון",
    "center": {
      "lat": 32.794,
      "lng": 35.535
    },
    "zoom": 9,
    "branches": [
      {
        "title": "סניף קרית טבעון",
        "address": "כיכר בן גוריון 1 קרית טבעון",
        "hours": [
          "א׳–ה׳ 08:00–19:30",
          "ו׳ 08:00–14:00"
        ]
      },
      {
        "title": "סניף קצרין",
        "address": "חוצות הגולן קצרין",
        "hours": [
          "א׳–ה׳ 08:30–21:00",
          "ו׳ 08:30–15:00"
        ]
      },
      {
        "title": "סניף סח׳נין",
        "address": "סח׳נין מול אצטדיון דוחא",
        "hours": [
          "כל יום 09:00–22:00"
        ]
      },
      {
        "title": "סניף מגדל העמק",
        "address": "המלאכה 2 (צמוד למעיין 2000) מגדל העמק",
        "hours": [
          "א׳–ה׳ 08:30–20:00",
          "ו׳ 08:30–15:00",
          "מוצ״ש: סגור"
        ]
      },
      {
        "title": "סניף מג׳דל שמס",
        "address": "כניסה מערבית מג׳דל שמס",
        "hours": [
          "כל ימות השבוע 09:00–21:00"
        ]
      },
      {
        "title": "סניף כפר כנא",
        "address": "דרב א-סוק כפר כנא",
        "hours": [
          "כל השבוע 09:00–21:00"
        ]
      },
      {
        "title": "סניף יקנעם",
        "address": "שדרות יצחק רבין 9 מרכז ביג יקנעם",
        "hours": [
          "א׳–ה׳ 08:30–21:00",
          "ו׳ 08:00–14:30",
          "מוצ״ש 17:30–21:30"
        ]
      },
      {
        "title": "סניף חיפה – קניון סינמול",
        "address": "שדרות ההסתדרות 55, חיפה",
        "hours": [
          "א׳–ה׳ 09:00–22:00",
          "ו׳ 08:00–14:30",
          "שבת: חצי שעה לאחר צאת שבת עד 23:00"
        ]
      },
      {
        "title": "סניף חיפה – מתחם אושר עד",
        "address": "דרך בר יהודה, מתחם אושר עד, חיפה",
        "hours": [
          "א׳–ה׳ 08:30–22:00",
          "ו׳ 08:30–14:00"
        ]
      },
      {
        "title": "סניף חדרה – וילג׳ מול החוף",
        "address": "שכטמן 10 חדרה",
        "hours": [
          "א׳–ה׳ 09:30–22:00",
          "ו׳ 09:00–15:00",
          "מוצ״ש חצי שעה אחרי צאת שבת עד 23:00"
        ]
      },
      {
        "title": "סניף בוקעתא",
        "address": "כניסה ראשית מכיוון אל-רום, בוקעאתא, רמת הגולן",
        "hours": [
          "כל ימות השבוע 09:00–21:00"
        ]
      },
      {
        "title": "סניף אום אל פחם",
        "address": "כביש ראשי – כביש אל מנינה",
        "hours": [
          "א׳–ה׳ 09:00–21:00",
          "ו׳–ערבי חג 08:00–14:00"
        ]
      },
      {
        "title": "סניף באקה אל-גרביה",
        "address": "רחוב אבו נאר 16 באקה אל-גרביה",
        "hours": [
          "כל השבוע 08:30–22:00"
        ]
      },
      {
        "title": "סניף דאליית אל כרמל",
        "address": "כביש ראשי דאליית אל כרמל",
        "hours": [
          "א׳–ש׳ 09:00–21:00"
        ]
      },
      {
        "title": "סניף חדרה – אולגה",
        "address": "הרב ניסים 4 חדרה",
        "hours": [
          "א׳–ה׳ 09:00–21:00",
          "ו׳ 08:30–15:00"
        ]
      },
      {
        "title": "סניף חורפיש",
        "address": "כביש ראשי חורפיש",
        "hours": [
          "א׳–ש׳ 09:00–21:00"
        ]
      },
      {
        "title": "סניף טירת כרמל",
        "address": "המלאכה 8, טירת הכרמל",
        "hours": [
          "א׳–ה׳ 08:30–21:00",
          "ו׳ וערבי חג 08:30–14:00"
        ]
      },
      {
        "title": "סניף ירכא",
        "address": "קניון סיטימול, קומת כניסה מול הום סנטר",
        "hours": [
          "א׳–ש׳ 09:00–22:00"
        ]
      },
      {
        "title": "סניף כיסרא",
        "address": "כיסרא",
        "hours": [
          "א׳–ש׳ 09:00–21:00"
        ]
      },
      {
        "title": "סניף כפר תבור",
        "address": "הבזלת 2 כפר תבור",
        "hours": [
          "א׳–ה׳ 09:00–21:00",
          "ו׳ 09:00–15:00",
          "מוצ״ש 18:00–22:00"
        ]
      },
      {
        "title": "סניף כרמיאל",
        "address": "העמק 1 כרמיאל",
        "hours": [
          "א׳–ה׳ 09:00–21:00",
          "ו׳–ערבי חג 08:00–14:00"
        ]
      },
      {
        "title": "סניף מגאר",
        "address": "כפר מגאר",
        "hours": [
          "א׳–ש׳ 09:00–21:00"
        ]
      },
      {
        "title": "סניף מעלות",
        "address": "האלוף עוזי נרקיס 1 מעלות",
        "hours": [
          "א׳–ה׳ 08:00–21:00",
          "ו׳–ערבי חג 08:00–14:00"
        ]
      },
      {
        "title": "סניף נהריה",
        "address": "הרצל 46 נהריה",
        "hours": [
          "א׳–ה׳ 08:00–21:00",
          "ו׳–ערבי חג 07:00–15:00"
        ]
      },
      {
        "title": "סניף נשר",
        "address": "דרך בר יהודה 147, נשר",
        "hours": [
          "א׳–ה׳ 09:00–21:00",
          "ו׳–ערבי חג 09:00–14:00"
        ]
      },
      {
        "title": "סניף עכו",
        "address": "בן עמי 46 עכו",
        "hours": [
          "א׳–ה׳ 08:00–19:00",
          "ו׳ 08:00–15:00"
        ]
      },
      {
        "title": "סניף צפת",
        "address": "ירושלים 74, מדרחוב צפת",
        "hours": [
          "א׳–ה׳ 09:00–21:00",
          "ו׳–ערבי חג 08:00–14:00"
        ]
      },
      {
        "title": "סניף קרית אתא",
        "address": "העצמאות 86 קרית אתא",
        "hours": [
          "א׳–ה׳ 08:00–21:30",
          "ו׳ 08:00–15:30",
          "מוצ״ש עד 21:45"
        ]
      },
      {
        "title": "סניף קרית ים",
        "address": "משה שרת 4 קרית ים",
        "hours": [
          "א׳–ה׳ 08:00–20:00",
          "ו׳ וערבי חג 08:00–14:00"
        ]
      },
      {
        "title": "סניף קרית מוצקין",
        "address": "שדרות ירושלים 1 קרית מוצקין",
        "hours": [
          "א׳–ה׳ 08:00–22:00",
          "ו׳–ערבי חג 08:00–16:00",
          "מוצ״ש 20:15–23:00"
        ]
      },
      {
        "title": "סניף ראש פינה",
        "address": "מתחם חאן ראש פינה",
        "hours": [
          "א׳–ה׳ 09:00–21:00",
          "ו׳–ערבי חג 08:00–14:00"
        ]
      },
      {
        "title": "סניף רמת ישי",
        "address": "חורש אלונים 12 רמת ישי",
        "hours": [
          "א׳–ה׳ 09:00–19:00",
          "ו׳–ערבי חג 08:00–15:00"
        ]
      },
      {
        "title": "סניף שלומי",
        "address": "רח׳ הרב חזן 282, שלומי",
        "hours": [
          "א׳–ה׳ 08:30–20:30",
          "ו׳ 08:30–14:00"
        ]
      },
      {
        "title": "סניף שפרעם",
        "address": "שכונת מרשאן (כביש כפר כנא), שפרעם",
        "hours": [
          "א׳–ש׳ 09:00–22:00"
        ]
      }
    ]
  },
  {
    "id": "center",
    "name": "מרכז",
    "center": {
      "lat": 32.075,
      "lng": 34.781
    },
    "zoom": 11,
    "branches": [
      {
        "title": "סניף תל אביב יפו",
        "address": "רחוב חבר הלאומים 1 יפו",
        "hours": [
          "א׳–ה׳ 08:00–20:00",
          "ו׳ 08:00–17:00"
        ]
      },
      {
        "title": "סניף תל אביב",
        "address": "חשמונאים 121",
        "hours": [
          "א׳–ה׳ 09:00–21:00",
          "ו׳ 08:00–14:00"
        ]
      },
      {
        "title": "סניף רעננה",
        "address": "אחוזה 77 רעננה",
        "hours": [
          "א׳–ה׳ 08:00–21:00",
          "ו׳ 07:00–15:00",
          "מוצ״ש: סגור"
        ]
      },
      {
        "title": "סניף כפר סבא",
        "address": "רח׳ היוצרים 2 (מתחם U) כפר סבא",
        "hours": [
          "א׳–ה׳ 09:00–21:00",
          "ו׳ 08:00–14:00"
        ]
      },
      {
        "title": "סניף פתח תקווה",
        "address": "גיסין אבשלום 11 פתח תקווה",
        "hours": [
          "א׳–ה׳ 09:00–21:00",
          "ו׳ 08:30–15:00",
          "מוצ״ש: שעה אחרי צאת שבת"
        ]
      },
      {
        "title": "סניף אור יהודה",
        "address": "המפעל 2, אור יהודה",
        "hours": [
          "א׳–ה׳ 09:00–20:00",
          "ו׳–ערבי חג 08:00–14:00"
        ]
      },
      {
        "title": "סניף אלעד",
        "address": "יהודה הנשיא 95 אלעד",
        "hours": [
          "א׳–ה׳ 09:00–21:00",
          "ו׳ 09:00–13:00"
        ]
      },
      {
        "title": "סניף כפר קאסם",
        "address": "רח' חמזה 9, כפר קאסם",
        "hours": [
          "א׳–ה׳ 09:00–21:00",
          "ו׳ + שבת 08:00–21:00"
        ]
      },
      {
        "title": "סניף טירה – המשולש",
        "address": "רחוב טארק עבדאלחי, אזור תעשייה טירה",
        "hours": [
          "כל ימות השבוע 09:00–22:00 (כולל שבת)"
        ]
      },
      {
        "title": "סניף טייבה",
        "address": "כביש ראשי טייבה 444",
        "hours": [
          "כל ימות השבוע 09:00–22:00"
        ]
      },
      {
        "title": "סניף כפר קרע",
        "address": "כפר קרע",
        "hours": [
          "א׳–ש׳ 09:00–22:00"
        ]
      },
      {
        "title": "סניף אור עקיבא",
        "address": "מתחם קופולוביץ, אור עקיבא",
        "hours": [
          "א׳–ה׳ 09:00–21:00",
          "ו׳–ערבי חג 08:00–14:00"
        ]
      },
      {
        "title": "סניף צור יצחק",
        "address": "נחל אלכסנדר 19, זילברמינץ סנטר, צור יצחק",
        "hours": [
          "א׳–ה׳ 09:00–20:00",
          "ו׳ 08:00–14:00"
        ]
      },
      {
        "title": "סניף רחובות",
        "address": "מוטי קינד 10 רחובות",
        "hours": [
          "א׳–ה׳ 08:30–21:00",
          "ו׳ 08:30–14:00"
        ]
      },
      {
        "title": "סניף ראשון לציון",
        "address": "מתחם חונים קונים, ראשון לציון",
        "hours": [
          "א׳–ה׳ 08:30–21:00",
          "ו׳ 08:30–14:00"
        ]
      },
      {
        "title": "סניף יבנה – מרכז רוגובין",
        "address": "הדוגית 16, מרכז רוגובין, יבנה הירוקה",
        "hours": [
          "א׳–ה׳ 09:00–21:00",
          "ו׳ 08:30–14:00 (שעון קיץ עד 15:00)",
          "מוצ״ש: סגור"
        ]
      },
      {
        "title": "סניף בית שמש",
        "address": "נחל קישון 48 בית שמש",
        "hours": [
          "א׳–ה׳ 09:00–22:00",
          "ו׳ 09:00–12:30"
        ]
      },
      {
        "title": "סניף באקה אל גרביה",
        "address": "אבו נאר 17, באקה אל גרביה",
        "hours": [
          "כל ימות השבוע 09:00–22:00"
        ]
      }
    ]
  },
  {
    "id": "jerusalem",
    "name": "ירושלים",
    "center": {
      "lat": 31.768,
      "lng": 35.214
    },
    "zoom": 11,
    "branches": [
      {
        "title": "סניף מודיעין עילית",
        "address": "אבני נזר 46, מרכז קסם, מודיעין עילית",
        "hours": [
          "א׳–ה׳ 09:00–22:00",
          "ו׳ וערבי חג 09:00–12:30"
        ]
      },
      {
        "title": "סניף ירושלים – כנפי נשרים",
        "address": "רח׳ כנפי נשרים 22, ירושלים",
        "hours": [
          "א׳–ה׳ 09:00–21:00",
          "ו׳ 09:30–13:00"
        ]
      },
      {
        "title": "סניף ירושלים – בית וגן",
        "address": "הרב עוזיאל 86, ירושלים",
        "hours": [
          "א׳–ה׳ 08:00–22:00",
          "ו׳ 08:00–15:00"
        ]
      },
      {
        "title": "סניף בית אל",
        "address": "מבנה המתנ״ס, בית אל",
        "hours": [
          "א׳–ה׳ 08:30–21:00",
          "ו׳ 08:00–13:30"
        ]
      },
      {
        "title": "סניף ירושלים – דוידקה",
        "address": "יפו 97, ירושלים",
        "hours": [
          "א׳–ה׳ 08:00–21:00",
          "ו׳–ערבי חג 08:00–14:00"
        ]
      },
      {
        "title": "סניף שער בנימין",
        "address": "אזור התעשייה שער בנימין",
        "hours": [
          "א׳–ה׳ 08:30–21:00",
          "ו׳ 08:30–13:30"
        ]
      }
    ]
  },
  {
    "id": "south",
    "name": "דרום",
    "center": {
      "lat": 31.251,
      "lng": 34.791
    },
    "zoom": 8,
    "branches": [
      {
        "title": "סניף שדרות",
        "address": "מתחם פרץ סנטר, שדרות",
        "hours": [
          "א׳–ה׳ 08:30–21:30",
          "ו׳ 08:30–14:30 (חורף / קיץ)",
          "מוצ״ש: חצי שעה אחרי צאת שבת עד 22:00 (חורף) / 23:00 (קיץ)"
        ]
      },
      {
        "title": "סניף רהט",
        "address": "כביש ראשי רהט",
        "hours": [
          "כל השבוע 09:00–21:00"
        ]
      },
      {
        "title": "סניף כרמי גת",
        "address": "שדרות לכיש 173, קרית גת",
        "hours": [
          "א׳–ה׳ 09:00–21:00",
          "ו׳ 09:00–עד כשעה לפני כניסת שבת"
        ]
      },
      {
        "title": "סניף באר שבע – קניון אביה",
        "address": "מבצע יואב 49, קניון אביה, באר שבע",
        "hours": [
          "א׳–ה׳ 08:00–21:45",
          "ו׳ 07:45–15:00",
          "מוצ״ש: חצי שעה לאחר צאת שבת עד 23:00"
        ]
      },
      {
        "title": "סניף באר שבע – פלח",
        "address": "רח׳ פלח 7, מתחת למתחם פרץ סנטר, באר שבע",
        "hours": [
          "א׳–ה׳ 09:00–21:00",
          "ו׳ 09:00–14:30",
          "מוצ״ש: חצי שעה אחרי צאת שבת"
        ]
      },
      {
        "title": "סניף אשדוד – סטאר סנטר",
        "address": "סטאר סנטר, אשדוד",
        "hours": [
          "א׳–ה׳ 09:00–21:45",
          "ו׳ 08:30–14:00",
          "מוצ״ש: חצי שעה אחרי צאת שבת"
        ]
      },
      {
        "title": "סניף אשדוד – האורגים",
        "address": "האורגים 9, אשדוד",
        "hours": [
          "א׳–ה׳ 08:00–21:00",
          "ו׳–ערבי חג 08:00–13:00"
        ]
      },
      {
        "title": "סניף אופקים",
        "address": "רח׳ ז׳בוטינסקי 20, אופקים",
        "hours": [
          "א׳–ה׳ 08:00–20:00",
          "ו׳ וערבי חג 08:00–13:30",
          "שבת: סגור"
        ]
      },
      {
        "title": "סניף אילת",
        "address": "חטיבת גולני 38, אילת",
        "hours": [
          "א׳–ה׳ 08:00–21:30",
          "ו׳–ערבי חג 08:00–15:00"
        ]
      },
      {
        "title": "סניף גדרה",
        "address": "רחוב פינס 4, גדרה",
        "hours": [
          "א׳–ה׳ 09:00–20:00",
          "ו׳ 08:30–14:30"
        ]
      },
      {
        "title": "סניף גן יבנה",
        "address": "הכישור 26, גן יבנה",
        "hours": [
          "א׳–ה׳ 08:30–20:30",
          "ו׳ 08:30–14:00",
          "מוצ״ש: סגור"
        ]
      },
      {
        "title": "סניף יבנה",
        "address": "האורגים 4, יבנה",
        "hours": [
          "א׳–ה׳ 09:00–21:00",
          "ו׳–ערבי חג 09:00–14:00"
        ]
      },
      {
        "title": "סניף נתיבות",
        "address": "מתחם ״צים אורבן״, נתיבות",
        "hours": [
          "א׳–ה׳ 09:00–21:30",
          "ו׳–ערבי חג 09:00–14:00",
          "מוצ״ש: חצי שעה לאחר צאת שבת עד 22:00"
        ]
      },
      {
        "title": "סניף שוהם",
        "address": "אגוז 9, חבל מודיעין (צמוד לסופר חינם פלוס)",
        "hours": [
          "א׳–ה׳ 09:00–21:00",
          "ו׳ 08:00–14:00",
          "שבת: סגור"
        ]
      }
    ]
  }
]