[
  {
    "id": "sharon",
    "name": "שרון",
    "center": {
      "lat": 32.159,
      "lng": 34.893
    },
    "zoom": 10,
    "branches": [
      {
        "title": "סניף קרני שומרון",
        "address": "רחבעם זאבי 1, קניון קרני שומרון",
        "hours": [
          "א׳–ה׳ 09:00–19:30",
          "ו׳ 09:00–14:00"
        ],
        "lat": 32.1621116,
        "lng": 34.8283483,
        "_formattedAddress": "רחוב רחבעם זאבי 1, הרצליה, ישראל",
        "_placeId": "EiVSZWhhdmFtIFplJ2V2aSBTdCAxLCBIZXJ6bGl5YSwgSXNyYWVsIjASLgoUChIJw0b47GVIHRUR_dkqwKU3tb0QASoUChIJPQbr8mVIHRURQNGl1FVemLw"
      },
      {
        "title": "סניף ראש העין",
        "address": "שרבי 12 ראש העין",
        "hours": [
          "א׳–ה׳ 09:00–21:00",
          "ו׳–ערבי חג 08:00–14:00"
        ],
        "lat": 32.0979419,
        "lng": 34.9376754,
        "_formattedAddress": "הירקון 19, ראש העין, ישראל",
        "_placeId": "ChIJm-Ikltk2HRURzlvb-SJ_cEc"
      }
    ]
  },
  {
    "id": "north",
    "name": "צפון",
    "center": {
      "lat": 32.794,
      "lng": 35.535
    },
    "zoom": 9,
    "branches": [
      {
        "title": "סניף קרית טבעון",
        "address": "כיכר בן גוריון 1 קרית טבעון",
        "hours": [
          "א׳–ה׳ 08:00–19:30",
          "ו׳ 08:00–14:00"
        ],
        "lat": 32.7225564,
        "lng": 35.1302145,
        "_formattedAddress": "כיכר בן גוריון, קרית טבעון",
        "_placeId": "ChIJn87HsQOyHRURE3h6Fx6-OXs"
      },
      {
        "title": "סניף קצרין",
        "address": "חוצות הגולן קצרין",
        "hours": [
          "א׳–ה׳ 08:30–21:00",
          "ו׳ 08:30–15:00"
        ],
        "lat": 32.9873504,
        "lng": 35.7065506,
        "_formattedAddress": "קצרין",
        "_placeId": "ChIJPwEui3EdHBUR_a2EuXH__Sk"
      },
      {
        "title": "סניף סח׳נין",
        "address": "סח׳נין מול אצטדיון דוחא",
        "hours": [
          "כל יום 09:00–22:00"
        ],
        "lat": 32.8667295,
        "lng": 35.3107846,
        "_formattedAddress": "סח'נין, ישראל",
        "_placeId": "ChIJXZYKHZs2HBURBDYysgkCijc"
      },
      {
        "title": "סניף מגדל העמק",
        "address": "המלאכה 2 (צמוד למעיין 2000) מגדל העמק",
        "hours": [
          "א׳–ה׳ 08:30–20:00",
          "ו׳ 08:30–15:00",
          "מוצ״ש: סגור"
        ],
        "lat": 32.6751685,
        "lng": 35.239103,
        "_formattedAddress": "המלאכה 2, מגדל העמק, ישראל",
        "_placeId": "EiVIYU1lbGFjaGEgU3QgMiwgTWlnZGFsIEhhRW1laywgSXNyYWVsIjASLgoUChIJu8eO0JhSHBURzpTGNyzTD6AQAioUChIJGSGJ05hSHBURto9yCX8hjME"
      },
      {
        "title": "סניף מג׳דל שמס",
        "address": "כניסה מערבית מג׳דל שמס",
        "hours": [
          "כל ימות השבוע 09:00–21:00"
        ],
        "lat": 33.2690961,
        "lng": 35.772122,
        "_formattedAddress": "מג'דל שמס",
        "_placeId": "ChIJ0TDKCrq3HhURjbTrrga6zNY"
      },
      {
        "title": "סניף כפר כנא",
        "address": "דרב א-סוק כפר כנא",
        "hours": [
          "כל השבוע 09:00–21:00"
        ],
        "lat": 32.750474,
        "lng": 35.3400398,
        "_formattedAddress": "כפר כנא, ישראל",
        "_placeId": "ChIJ33j-SSJJHBURhVjWV6nE7yk"
      },
      {
        "title": "סניף יקנעם",
        "address": "שדרות יצחק רבין 9 מרכז ביג יקנעם",
        "hours": [
          "א׳–ה׳ 08:30–21:00",
          "ו׳ 08:00–14:30",
          "מוצ״ש 17:30–21:30"
        ],
        "lat": 32.6426784,
        "lng": 35.0927494,
        "_formattedAddress": "שדרות יצחק רבין 9, יוקנעם עילית, ישראל",
        "_placeId": "ChIJBW20ci6pHRURvx3t0BdsaDY"
      },
      {
        "title": "סניף חיפה – קניון סינמול",
        "address": "שדרות ההסתדרות 55, חיפה",
        "hours": [
          "א׳–ה׳ 09:00–22:00",
          "ו׳ 08:00–14:30",
          "שבת: חצי שעה לאחר צאת שבת עד 23:00"
        ],
        "lat": 32.7934932,
        "lng": 35.0377411,
        "_formattedAddress": "שדרות ההסתדרות 55, חיפה, ישראל",
        "_placeId": "ChIJSTxWFHi6HRURgLX8QSwlMw4"
      },
      {
        "title": "סניף חיפה – מתחם אושר עד",
        "address": "דרך בר יהודה, מתחם אושר עד, חיפה",
        "hours": [
          "א׳–ה׳ 08:30–22:00",
          "ו׳ 08:30–14:00"
        ],
        "lat": 32.8027922,
        "lng": 35.0119599,
        "_formattedAddress": "דרך בר יהודה 31, חיפה, ישראל",
        "_placeId": "ChIJScTLtO67HRUR5G5Psfyogok"
      },
      {
        "title": "סניף חדרה – וילג׳ מול החוף",
        "address": "שכטמן 10 חדרה",
        "hours": [
          "א׳–ה׳ 09:30–22:00",
          "ו׳ 09:00–15:00",
          "מוצ״ש חצי שעה אחרי צאת שבת עד 23:00"
        ],
        "lat": 32.4340458,
        "lng": 34.9196518,
        "_formattedAddress": "חדרה, ישראל",
        "_placeId": "ChIJuyXRUkISHRURPeSPe4UTvjo"
      },
      {
        "title": "סניף בוקעתא",
        "address": "כניסה ראשית מכיוון אל-רום, בוקעאתא, רמת הגולן",
        "hours": [
          "כל ימות השבוע 09:00–21:00"
        ],
        "lat": 33.01558540000001,
        "lng": 35.784354,
        "_formattedAddress": "גולן",
        "_placeId": "ChIJX9x7rm2oHhURCjdsXTb-L-E"
      },
      {
        "title": "סניף אום אל פחם",
        "address": "כביש ראשי – כביש אל מנינה",
        "hours": [
          "א׳–ה׳ 09:00–21:00",
          "ו׳–ערבי חג 08:00–14:00"
        ],
        "lat": 31.046051,
        "lng": 34.851612,
        "_formattedAddress": "ישראל",
        "_placeId": "ChIJi8mnMiRJABURuiw1EyBCa2o"
      },
      {
        "title": "סניף באקה אל-גרביה",
        "address": "רחוב אבו נאר 16 באקה אל-גרביה",
        "hours": [
          "כל השבוע 08:30–22:00"
        ],
        "lat": 32.4102571,
        "lng": 35.0372954,
        "_formattedAddress": "אבו נאר 16, באקה אל-ע'רביה, ישראל",
        "_placeId": "EihBYnUgTmFyIFN0IDE2LCBCYXFhIGFsLUdoYXJiaXl5ZSwgSXNyYWVsIjASLgoUChIJIzrunwoQHRURmFseXKxPnQIQECoUChIJq8hfrqEaHRUR3zhQX9r_eJ4"
      },
      {
        "title": "סניף דאליית אל כרמל",
        "address": "כביש ראשי דאליית אל כרמל",
        "hours": [
          "א׳–ש׳ 09:00–21:00"
        ],
        "lat": 32.6934814,
        "lng": 35.0470183,
        "_formattedAddress": "דאלית אל-כרמל, ישראל",
        "_placeId": "ChIJNQtx4HOvHRURExfHRc_irzg"
      },
      {
        "title": "סניף חדרה – אולגה",
        "address": "הרב ניסים 4 חדרה",
        "hours": [
          "א׳–ה׳ 09:00–21:00",
          "ו׳ 08:30–15:00"
        ],
        "lat": 32.4397637,
        "lng": 34.8873067,
        "_formattedAddress": "הרב בוזגלו 4, חדרה, ישראל",
        "_placeId": "EiJIYVJhdiBCdXphZ2xvIFN0IDQsIEhhZGVyYSwgSXNyYWVsIjASLgoUChIJI5r_IeESHRURPuSViYImkX4QBCoUChIJy13AIeESHRUR_lDXrikg0bg"
      },
      {
        "title": "סניף חורפיש",
        "address": "כביש ראשי חורפיש",
        "hours": [
          "א׳–ש׳ 09:00–21:00"
        ],
        "lat": 33.016688,
        "lng": 35.347106,
        "_formattedAddress": "חורפיש, ישראל",
        "_placeId": "ChIJ29WuGx4vHBURlbJyJvWwbDM"
      },
      {
        "title": "סניף טירת כרמל",
        "address": "המלאכה 8, טירת הכרמל",
        "hours": [
          "א׳–ה׳ 08:30–21:00",
          "ו׳ וערבי חג 08:30–14:00"
        ],
        "lat": 32.7678726,
        "lng": 34.966964,
        "_formattedAddress": "המלאכה 8, טירת כרמל, ישראל",
        "_placeId": "EiRIYU1lbGFjaGEgU3QgOCwgVGlyYXQgQ2FybWVsLCBJc3JhZWwiMBIuChQKEglZORGrTLsdFREnzxKU1jXBGBAIKhQKEgmn996qTLsdFRGXR94JBvRQ-w"
      },
      {
        "title": "סניף ירכא",
        "address": "קניון סיטימול, קומת כניסה מול הום סנטר",
        "hours": [
          "א׳–ש׳ 09:00–22:00"
        ],
        "lat": 31.046051,
        "lng": 34.851612,
        "_formattedAddress": "ישראל",
        "_placeId": "ChIJi8mnMiRJABURuiw1EyBCa2o"
      },
      {
        "title": "סניף כיסרא",
        "address": "כיסרא",
        "hours": [
          "א׳–ש׳ 09:00–21:00"
        ],
        "lat": 32.9646608,
        "lng": 35.3038834,
        "_formattedAddress": "כיסרא סומיע, ישראל",
        "_placeId": "ChIJTYiS4AMyHBURYqMYDeY9wYg"
      },
      {
        "title": "סניף כפר תבור",
        "address": "הבזלת 2 כפר תבור",
        "hours": [
          "א׳–ה׳ 09:00–21:00",
          "ו׳ 09:00–15:00",
          "מוצ״ש 18:00–22:00"
        ],
        "lat": 32.6947579,
        "lng": 35.4185487,
        "_formattedAddress": "מרכז מסחרי \"מול תבור\", בזלת 2, כפר תבור, ישראל",
        "_placeId": "ChIJ2co7g9tFHBUR-rjUaJdoZ10"
      },
      {
        "title": "סניף כרמיאל",
        "address": "העמק 1 כרמיאל",
        "hours": [
          "א׳–ה׳ 09:00–21:00",
          "ו׳–ערבי חג 08:00–14:00"
        ],
        "lat": 32.9214021,
        "lng": 35.3034352,
        "_formattedAddress": "העמק 1, כרמיאל, ישראל",
        "_placeId": "ChIJIe15-WExHBURo2zCZWxN6po"
      },
      {
        "title": "סניף מגאר",
        "address": "כפר מגאר",
        "hours": [
          "א׳–ש׳ 09:00–21:00"
        ],
        "lat": 32.8872843,
        "lng": 35.4091765,
        "_formattedAddress": "מע'אר, ישראל",
        "_placeId": "ChIJt6S78G46HBURuXItzmn4q3o"
      },
      {
        "title": "סניף מעלות",
        "address": "האלוף עוזי נרקיס 1 מעלות",
        "hours": [
          "א׳–ה׳ 08:00–21:00",
          "ו׳–ערבי חג 08:00–14:00"
        ],
        "lat": 33.0196671,
        "lng": 35.2822803,
        "_formattedAddress": "דרך האלוף עוזי נרקיס 1, מעלות תרשיחא, ישראל",
        "_placeId": "EjREZXJlY2ggSGFBbHVmIFV6aSBOYXJraXMgMSwgTWEnYWxvdCBUYXJzaGloYSwgSXNyYWVsIjASLgoUChIJF3079MotHBURYsdVZotJpBoQASoUChIJYwrl9sotHBURyXoR_quplvw"
      },
      {
        "title": "סניף נהריה",
        "address": "הרצל 46 נהריה",
        "hours": [
          "א׳–ה׳ 08:00–21:00",
          "ו׳–ערבי חג 07:00–15:00"
        ],
        "lat": 33.0090487,
        "lng": 35.0967758,
        "_formattedAddress": "הרצל 46, נהריה, ישראל",
        "_placeId": "ChIJ1xH3ylvOHRURXVSrwy_P5lI"
      },
      {
        "title": "סניף נשר",
        "address": "דרך בר יהודה 147, נשר",
        "hours": [
          "א׳–ה׳ 09:00–21:00",
          "ו׳–ערבי חג 09:00–14:00"
        ],
        "lat": 32.7789761,
        "lng": 35.0382063,
        "_formattedAddress": "דרך בר יהודה 147, נשר, 3688306, ישראל",
        "_placeId": "ChIJtYLqD4K6HRUR7qraRU09wBc"
      },
      {
        "title": "סניף עכו",
        "address": "בן עמי 46 עכו",
        "hours": [
          "א׳–ה׳ 08:00–19:00",
          "ו׳ 08:00–15:00"
        ],
        "lat": 32.9258199,
        "lng": 35.0773907,
        "_formattedAddress": "בן עמי 46, עכו, ישראל",
        "_placeId": "EhtCZW4gQW1pIFN0IDQ2LCBBY3JlLCBJc3JhZWwiMBIuChQKEglrNI4EVMgdFREBeuXW2AfaWxAuKhQKEgnhcU22VsgdFRFUQ0tQHS9J2A"
      },
      {
        "title": "סניף צפת",
        "address": "ירושלים 74, מדרחוב צפת",
        "hours": [
          "א׳–ה׳ 09:00–21:00",
          "ו׳–ערבי חג 08:00–14:00"
        ],
        "lat": 32.9669714,
        "lng": 35.4943428,
        "_formattedAddress": "ירושלים 74, צפת, 1322484, ישראל",
        "_placeId": "ChIJ4TkxSpEjHBUR9ay1OeWe8gc"
      },
      {
        "title": "סניף קרית אתא",
        "address": "העצמאות 86 קרית אתא",
        "hours": [
          "א׳–ה׳ 08:00–21:30",
          "ו׳ 08:00–15:30",
          "מוצ״ש עד 21:45"
        ],
        "lat": 32.8094888,
        "lng": 35.1045775,
        "_formattedAddress": "העצמאות 86, קרית אתא, ישראל",
        "_placeId": "ChIJaRFF2cm2HRUR299Q1ZcXwY4"
      },
      {
        "title": "סניף קרית ים",
        "address": "משה שרת 4 קרית ים",
        "hours": [
          "א׳–ה׳ 08:00–20:00",
          "ו׳ וערבי חג 08:00–14:00"
        ],
        "lat": 32.8188708,
        "lng": 35.0684048,
        "_formattedAddress": "משה שרת 4, קרית מוצקין, ישראל",
        "_placeId": "ChIJL0wccyC3HRUR60GAUo8qfkc"
      },
      {
        "title": "סניף קרית מוצקין",
        "address": "שדרות ירושלים 1 קרית מוצקין",
        "hours": [
          "א׳–ה׳ 08:00–22:00",
          "ו׳–ערבי חג 08:00–16:00",
          "מוצ״ש 20:15–23:00"
        ],
        "lat": 32.8040805,
        "lng": 35.1058408,
        "_formattedAddress": "ירושלים 1, קרית אתא, ישראל",
        "_placeId": "ChIJn2g3G8q3HRURUBmAbMfZYto"
      },
      {
        "title": "סניף ראש פינה",
        "address": "מתחם חאן ראש פינה",
        "hours": [
          "א׳–ה׳ 09:00–21:00",
          "ו׳–ערבי חג 08:00–14:00"
        ],
        "lat": 32.9687384,
        "lng": 35.5475253,
        "_formattedAddress": "קניון ראש פינה (החאן), מעלה גיא אוני 1, ראש פינה, 1201105, ישראל",
        "_placeId": "ChIJcf2KEBkiHBUR-KxcaCl0zJg"
      },
      {
        "title": "סניף רמת ישי",
        "address": "חורש אלונים 12 רמת ישי",
        "hours": [
          "א׳–ה׳ 09:00–19:00",
          "ו׳–ערבי חג 08:00–15:00"
        ],
        "lat": 32.7077883,
        "lng": 35.1726158,
        "_formattedAddress": "חורש האלונים 12, רמת ישי, ישראל",
        "_placeId": "ChIJrVFbOoeyHRUR3PZM4oCF-jw"
      },
      {
        "title": "סניף שלומי",
        "address": "רח׳ הרב חזן 282, שלומי",
        "hours": [
          "א׳–ה׳ 08:30–20:30",
          "ו׳ 08:30–14:00"
        ],
        "lat": 33.0716843,
        "lng": 35.1468832,
        "_formattedAddress": "הרב חזן 282, שלומי, 22832, ישראל",
        "_placeId": "ChIJLQ1Gl8nTHRURji2Y9GvSeWU"
      },
      {
        "title": "סניף שפרעם",
        "address": "שכונת מרשאן (כביש כפר כנא), שפרעם",
        "hours": [
          "א׳–ש׳ 09:00–22:00"
        ],
        "lat": 32.8068612,
        "lng": 35.1601454,
        "_formattedAddress": "כפר כנא, שפרעם, ישראל",
        "_placeId": "ChIJ6VDGM120HRURu8p6uWUiBXU"
      }
    ]
  },
  {
    "id": "center",
    "name": "מרכז",
    "center": {
      "lat": 32.075,
      "lng": 34.781
    },
    "zoom": 11,
    "branches": [
      {
        "title": "סניף תל אביב יפו",
        "address": "רחוב חבר הלאומים 1 יפו",
        "hours": [
          "א׳–ה׳ 08:00–20:00",
          "ו׳ 08:00–17:00"
        ],
        "lat": 32.0466754,
        "lng": 34.7601535,
        "_formattedAddress": "חבר הלאומים 1, תל אביב-יפו, ישראל",
        "_placeId": "ChIJxUb2irBMHRURhsyZEVPhBlY"
      },
      {
        "title": "סניף תל אביב",
        "address": "חשמונאים 121",
        "hours": [
          "א׳–ה׳ 09:00–21:00",
          "ו׳ 08:00–14:00"
        ],
        "lat": 32.0694012,
        "lng": 34.7866241,
        "_formattedAddress": "החשמונאים 121, תל אביב-יפו, ישראל",
        "_placeId": "ChIJaby8bZlLHRUR8PjF-QE2yzQ"
      },
      {
        "title": "סניף רעננה",
        "address": "אחוזה 77 רעננה",
        "hours": [
          "א׳–ה׳ 08:00–21:00",
          "ו׳ 07:00–15:00",
          "מוצ״ש: סגור"
        ],
        "lat": 32.1791988,
        "lng": 34.87967510000001,
        "_formattedAddress": "אחוזה 77, רעננה, ישראל",
        "_placeId": "ChIJbwIlsBQ4HRURlDMBwp8x2UA"
      },
      {
        "title": "סניף כפר סבא",
        "address": "רח׳ היוצרים 2 (מתחם U) כפר סבא",
        "hours": [
          "א׳–ה׳ 09:00–21:00",
          "ו׳ 08:00–14:00"
        ],
        "lat": 32.1736354,
        "lng": 34.9272011,
        "_formattedAddress": "היוצרים 2, כפר סבא, 4442702, ישראל",
        "_placeId": "ChIJS-aMP705HRURyfFI73tbdnQ"
      },
      {
        "title": "סניף פתח תקווה",
        "address": "גיסין אבשלום 11 פתח תקווה",
        "hours": [
          "א׳–ה׳ 09:00–21:00",
          "ו׳ 08:30–15:00",
          "מוצ״ש: שעה אחרי צאת שבת"
        ],
        "lat": 32.0978863,
        "lng": 34.8834746,
        "_formattedAddress": "אבשלום גיסין 11, פתח תקווה, ישראל",
        "_placeId": "ChIJGWPJRhU2HRURvpOLfdQ8eWU"
      },
      {
        "title": "סניף אור יהודה",
        "address": "המפעל 2, אור יהודה",
        "hours": [
          "א׳–ה׳ 09:00–20:00",
          "ו׳–ערבי חג 08:00–14:00"
        ],
        "lat": 32.0342742,
        "lng": 34.8486441,
        "_formattedAddress": "המפעל 2, אור יהודה, ישראל",
        "_placeId": "ChIJC1p5J5dKHRURJtMtFJRZJIc"
      },
      {
        "title": "סניף אלעד",
        "address": "יהודה הנשיא 95 אלעד",
        "hours": [
          "א׳–ה׳ 09:00–21:00",
          "ו׳ 09:00–13:00"
        ],
        "lat": 32.04953,
        "lng": 34.95075,
        "_formattedAddress": "אלעד, ישראל",
        "_placeId": "ChIJnw1AdvgzHRURye_13WoFfns"
      },
      {
        "title": "סניף כפר קאסם",
        "address": "רח' חמזה 9, כפר קאסם",
        "hours": [
          "א׳–ה׳ 09:00–21:00",
          "ו׳ + שבת 08:00–21:00"
        ],
        "lat": 32.1127821,
        "lng": 34.9603962,
        "_formattedAddress": "חמזה 9, כפר קאסם, 48810, ישראל",
        "_placeId": "ChIJ2atqaMgwHRURNA9Rx8cy3n8"
      },
      {
        "title": "סניף טירה – המשולש",
        "address": "רחוב טארק עבדאלחי, אזור תעשייה טירה",
        "hours": [
          "כל ימות השבוע 09:00–22:00 (כולל שבת)"
        ],
        "lat": 32.769532,
        "lng": 34.970145,
        "_formattedAddress": "טירת כרמל, ישראל",
        "_placeId": "ChIJU1KBU0q7HRURL4a8izj3IYM"
      },
      {
        "title": "סניף טייבה",
        "address": "כביש ראשי טייבה 444",
        "hours": [
          "כל ימות השבוע 09:00–22:00"
        ],
        "lat": 32.2531995,
        "lng": 34.9971986,
        "_formattedAddress": "444, טייבה, ישראל",
        "_placeId": "ChIJiV9IYQg9HRURk6ZbwG_Imn4"
      },
      {
        "title": "סניף כפר קרע",
        "address": "כפר קרע",
        "hours": [
          "א׳–ש׳ 09:00–22:00"
        ],
        "lat": 32.505255,
        "lng": 35.048811,
        "_formattedAddress": "כפר קרע, ישראל",
        "_placeId": "ChIJSRA9bAkGHRURD4zmyk1FIIQ"
      },
      {
        "title": "סניף אור עקיבא",
        "address": "מתחם קופולוביץ, אור עקיבא",
        "hours": [
          "א׳–ה׳ 09:00–21:00",
          "ו׳–ערבי חג 08:00–14:00"
        ],
        "lat": 32.503154,
        "lng": 34.92569,
        "_formattedAddress": "בטי ויוסף קופלוביץ', אור עקיבא, ישראל",
        "_placeId": "ChIJe_2oKrUNHRUR53pur-eIEOw"
      },
      {
        "title": "סניף צור יצחק",
        "address": "נחל אלכסנדר 19, זילברמינץ סנטר, צור יצחק",
        "hours": [
          "א׳–ה׳ 09:00–20:00",
          "ו׳ 08:00–14:00"
        ],
        "lat": 32.2399228,
        "lng": 34.9997642,
        "_formattedAddress": "נחל איילון, צור יצחק, ישראל",
        "_placeId": "ChIJeyvSc_48HRUR4iJnCmhJe7k"
      },
      {
        "title": "סניף רחובות",
        "address": "מוטי קינד 10 רחובות",
        "hours": [
          "א׳–ה׳ 08:30–21:00",
          "ו׳ 08:30–14:00"
        ],
        "lat": 31.8942717,
        "lng": 34.7901567,
        "_formattedAddress": "מוטי קינד 10, רחובות, 7638519, ישראל",
        "_placeId": "ChIJ3QB7-ju3AhURMXgms3snMA8"
      },
      {
        "title": "סניף ראשון לציון",
        "address": "מתחם חונים קונים, ראשון לציון",
        "hours": [
          "א׳–ה׳ 08:30–21:00",
          "ו׳ 08:30–14:00"
        ],
        "lat": 31.990322,
        "lng": 34.764809,
        "_formattedAddress": "IL 7565024, שדרות יוסף לישנסקי 9, ראשון לציון, ישראל",
        "_placeId": "ChIJq6o-k4SzAhURxhKd_xpj9ac"
      },
      {
        "title": "סניף יבנה – מרכז רוגובין",
        "address": "הדוגית 16, מרכז רוגובין, יבנה הירוקה",
        "hours": [
          "א׳–ה׳ 09:00–21:00",
          "ו׳ 08:30–14:00 (שעון קיץ עד 15:00)",
          "מוצ״ש: סגור"
        ],
        "lat": 31.8663311,
        "lng": 34.735897,
        "_formattedAddress": "קניון רוגובין, הדוגית 16, יבנה, ישראל",
        "_placeId": "ChIJr69uSWe6AhUR-7ysGER9fc4"
      },
      {
        "title": "סניף בית שמש",
        "address": "נחל קישון 48 בית שמש",
        "hours": [
          "א׳–ה׳ 09:00–22:00",
          "ו׳ 09:00–12:30"
        ],
        "lat": 31.7134582,
        "lng": 34.9887701,
        "_formattedAddress": "שדרות נחל הקישון 48, בית שמש, ישראל",
        "_placeId": "ChIJ7_nvjpvDAhURjKdUumBg-EQ"
      },
      {
        "title": "סניף באקה אל גרביה",
        "address": "אבו נאר 17, באקה אל גרביה",
        "hours": [
          "כל ימות השבוע 09:00–22:00"
        ],
        "lat": 32.4102571,
        "lng": 35.0372954,
        "_formattedAddress": "אבו נאר 17, באקה אל-ע'רביה, ישראל",
        "_placeId": "EihBYnUgTmFyIFN0IDE3LCBCYXFhIGFsLUdoYXJiaXl5ZSwgSXNyYWVsIjASLgoUChIJIzrunwoQHRURmFseXKxPnQIQESoUChIJq8hfrqEaHRUR3zhQX9r_eJ4"
      }
    ]
  },
  {
    "id": "jerusalem",
    "name": "ירושלים",
    "center": {
      "lat": 31.768,
      "lng": 35.214
    },
    "zoom": 11,
    "branches": [
      {
        "title": "סניף מודיעין עילית",
        "address": "אבני נזר 46, מרכז קסם, מודיעין עילית",
        "hours": [
          "א׳–ה׳ 09:00–22:00",
          "ו׳ וערבי חג 09:00–12:30"
        ],
        "lat": 31.9304948,
        "lng": 35.0388026,
        "_formattedAddress": "אבני נזר 46, מודיעין עילית",
        "_placeId": "ChIJz37N_1_NAhURYVPtPYcbebk"
      },
      {
        "title": "סניף ירושלים – כנפי נשרים",
        "address": "רח׳ כנפי נשרים 22, ירושלים",
        "hours": [
          "א׳–ה׳ 09:00–21:00",
          "ו׳ 09:30–13:00"
        ],
        "lat": 31.7878319,
        "lng": 35.1892063,
        "_formattedAddress": "כנפי נשרים 22, ירושלים, ישראל",
        "_placeId": "ChIJhY6C20vWAhURFTMZCPfkyJM"
      },
      {
        "title": "סניף ירושלים – בית וגן",
        "address": "הרב עוזיאל 86, ירושלים",
        "hours": [
          "א׳–ה׳ 08:00–22:00",
          "ו׳ 08:00–15:00"
        ],
        "lat": 31.764892,
        "lng": 35.1885881,
        "_formattedAddress": "הרב עוזיאל 86, ירושלים, ישראל",
        "_placeId": "ChIJ5YI8OVfXAhUR-SnDI8Xvno0"
      },
      {
        "title": "סניף בית אל",
        "address": "מבנה המתנ״ס, בית אל",
        "hours": [
          "א׳–ה׳ 08:30–21:00",
          "ו׳ 08:00–13:30"
        ],
        "lat": 31.046051,
        "lng": 34.851612,
        "_formattedAddress": "ישראל",
        "_placeId": "ChIJi8mnMiRJABURuiw1EyBCa2o"
      },
      {
        "title": "סניף ירושלים – דוידקה",
        "address": "יפו 97, ירושלים",
        "hours": [
          "א׳–ה׳ 08:00–21:00",
          "ו׳–ערבי חג 08:00–14:00"
        ],
        "lat": 31.784294,
        "lng": 35.214896,
        "_formattedAddress": "Clal Building, יפו 97, ירושלים, ישראל",
        "_placeId": "ChIJ-zzo4dcpAxURT_19jg4PEbw"
      },
      {
        "title": "סניף שער בנימין",
        "address": "אזור התעשייה שער בנימין",
        "hours": [
          "א׳–ה׳ 08:30–21:00",
          "ו׳ 08:30–13:30"
        ],
        "lat": 31.865575,
        "lng": 35.261645,
        "_formattedAddress": "",
        "_placeId": "ChIJ37G01yYrAxURZxK01djYSe4"
      }
    ]
  },
  {
    "id": "south",
    "name": "דרום",
    "center": {
      "lat": 31.251,
      "lng": 34.791
    },
    "zoom": 8,
    "branches": [
      {
        "title": "סניף שדרות",
        "address": "מתחם פרץ סנטר, שדרות",
        "hours": [
          "א׳–ה׳ 08:30–21:30",
          "ו׳ 08:30–14:30 (חורף / קיץ)",
          "מוצ״ש: חצי שעה אחרי צאת שבת עד 22:00 (חורף) / 23:00 (קיץ)"
        ],
        "lat": 31.52269399999999,
        "lng": 34.595581,
        "_formattedAddress": "שדרות, ישראל",
        "_placeId": "ChIJK0K8tVKBAhURChPSGjVEyp4"
      },
      {
        "title": "סניף רהט",
        "address": "כביש ראשי רהט",
        "hours": [
          "כל השבוע 09:00–21:00"
        ],
        "lat": 31.3951375,
        "lng": 34.7533591,
        "_formattedAddress": "רהט, ישראל",
        "_placeId": "ChIJmYPjYgtiAhURSKycipB75Hc"
      },
      {
        "title": "סניף כרמי גת",
        "address": "שדרות לכיש 173, קרית גת",
        "hours": [
          "א׳–ה׳ 09:00–21:00",
          "ו׳ 09:00–עד כשעה לפני כניסת שבת"
        ],
        "lat": 31.6325862,
        "lng": 34.7726601,
        "_formattedAddress": "שדרות לכיש 173, קרית גת, ישראל",
        "_placeId": "ChIJpSJ3E1WRAhURmmHLuOlP9z4"
      },
      {
        "title": "סניף באר שבע – קניון אביה",
        "address": "מבצע יואב 49, קניון אביה, באר שבע",
        "hours": [
          "א׳–ה׳ 08:00–21:45",
          "ו׳ 07:45–15:00",
          "מוצ״ש: חצי שעה לאחר צאת שבת עד 23:00"
        ],
        "lat": 31.2635539,
        "lng": 34.7788827,
        "_formattedAddress": "מבצע יואב 49, באר שבע, ישראל",
        "_placeId": "ChIJjyi2nHlmAhUR3LfzuLa81uI"
      },
      {
        "title": "סניף באר שבע – פלח",
        "address": "רח׳ פלח 7, מתחת למתחם פרץ סנטר, באר שבע",
        "hours": [
          "א׳–ה׳ 09:00–21:00",
          "ו׳ 09:00–14:30",
          "מוצ״ש: חצי שעה אחרי צאת שבת"
        ],
        "lat": 31.23111,
        "lng": 34.7672685,
        "_formattedAddress": "באר שבע, ישראל",
        "_placeId": "ChIJ5x2d0yZvAhURqYHaFlH_Oog"
      },
      {
        "title": "סניף אשדוד – סטאר סנטר",
        "address": "סטאר סנטר, אשדוד",
        "hours": [
          "א׳–ה׳ 09:00–21:45",
          "ו׳ 08:30–14:00",
          "מוצ״ש: חצי שעה אחרי צאת שבת"
        ],
        "lat": 31.809785,
        "lng": 34.6550659,
        "_formattedAddress": "סטאר סנטר, אשדוד, ישראל",
        "_placeId": "ChIJlbBu2BKjAhURB5eo62ygEw4"
      },
      {
        "title": "סניף אשדוד – האורגים",
        "address": "האורגים 9, אשדוד",
        "hours": [
          "א׳–ה׳ 08:00–21:00",
          "ו׳–ערבי חג 08:00–13:00"
        ],
        "lat": 31.8110497,
        "lng": 34.6606907,
        "_formattedAddress": "האורגים 9, אשדוד, 7760920, ישראל",
        "_placeId": "ChIJJVcUAmujAhUR2V-nCVwPRS4"
      },
      {
        "title": "סניף אופקים",
        "address": "רח׳ ז׳בוטינסקי 20, אופקים",
        "hours": [
          "א׳–ה׳ 08:00–20:00",
          "ו׳ וערבי חג 08:00–13:30",
          "שבת: סגור"
        ],
        "lat": 31.3177626,
        "lng": 34.6259305,
        "_formattedAddress": "ז'בוטינסקי 20, אופקים, ישראל",
        "_placeId": "EiBKYWJvdGluc2tpIFN0IDIwLCBPZmFraW0sIElzcmFlbCIwEi4KFAoSCZuK-NVMegIVEVEBpjGIR8I1EBQqFAoSCUmBpadMegIVEVsZhJKCmK3f"
      },
      {
        "title": "סניף אילת",
        "address": "חטיבת גולני 38, אילת",
        "hours": [
          "א׳–ה׳ 08:00–21:30",
          "ו׳–ערבי חג 08:00–15:00"
        ],
        "lat": 29.5648646,
        "lng": 34.9552922,
        "_formattedAddress": "שדרות חטיבת גולני 38, אילת, ישראל",
        "_placeId": "EidTZGVyb3QgSGF0aXZhdCBHb2xhbmkgMzgsIEVpbGF0LCBJc3JhZWwiMBIuChQKEgk9zmScAW4AFRG-CWkjeIsmVhAmKhQKEgnRfKTXA24AFRH6IEKUWyxKuw"
      },
      {
        "title": "סניף גדרה",
        "address": "רחוב פינס 4, גדרה",
        "hours": [
          "א׳–ה׳ 09:00–20:00",
          "ו׳ 08:30–14:30"
        ],
        "lat": 31.8155441,
        "lng": 34.7773971,
        "_formattedAddress": "פינס 4, גדרה, ישראל",
        "_placeId": "ChIJa92EBGG5AhURvz5uzW74oMM"
      },
      {
        "title": "סניף גן יבנה",
        "address": "הכישור 26, גן יבנה",
        "hours": [
          "א׳–ה׳ 08:30–20:30",
          "ו׳ 08:30–14:00",
          "מוצ״ש: סגור"
        ],
        "lat": 31.7749335,
        "lng": 34.703004,
        "_formattedAddress": "הכישור 26, גן יבנה, ישראל",
        "_placeId": "ChIJXUoUuiC9AhURYsHs5T_OStA"
      },
      {
        "title": "סניף יבנה",
        "address": "האורגים 4, יבנה",
        "hours": [
          "א׳–ה׳ 09:00–21:00",
          "ו׳–ערבי חג 09:00–14:00"
        ],
        "lat": 31.8648693,
        "lng": 34.7417169,
        "_formattedAddress": "האורגים 4, יבנה, ישראל",
        "_placeId": "ChIJzVaCa2i6AhURQHMSawZ469M"
      },
      {
        "title": "סניף נתיבות",
        "address": "מתחם ״צים אורבן״, נתיבות",
        "hours": [
          "א׳–ה׳ 09:00–21:30",
          "ו׳–ערבי חג 09:00–14:00",
          "מוצ״ש: חצי שעה לאחר צאת שבת עד 22:00"
        ],
        "lat": 31.4176856,
        "lng": 34.5938065,
        "_formattedAddress": "בעלי המלאכה 5, נתיבות, ישראל",
        "_placeId": "ChIJZWIAtHl-AhUR-NDV2F4TB5o"
      },
      {
        "title": "סניף שוהם",
        "address": "אגוז 9, חבל מודיעין (צמוד לסופר חינם פלוס)",
        "hours": [
          "א׳–ה׳ 09:00–21:00",
          "ו׳ 08:00–14:00",
          "שבת: סגור"
        ],
        "lat": 32.0123229,
        "lng": 34.9580785,
        "_formattedAddress": "אזור התעשייה, שוהם, ישראל",
        "_placeId": "ChIJVS4rIXkzHRURJRgJ1iJELSU"
      }
    ]
  }
]